{
  "test_mse": 0.007228,
  "test_mae": 0.064461,
  "spectral_radius": 0.9919,
  "stable": true,
  "top5": [
    0.9919,
    0.9919,
    0.9893,
    0.9893,
    0.9886
  ]
}